id;username;email;password;role;login;first_name;last_name;image_url;activated;lang_key
1;crazy;Ray_Botsford@yahoo.com;minus gummy fence;TRAINER;"eHsrU";Hertha;Koelpin;and;false;culture
2;now eek;Lexie_Abernathy@hotmail.com;evenly private;TRAINER;"o-of`h@4z\lxtH1lf\0wL0\~e8BrL\dGQhF5O\728";Forrest;Lynch;dwell;false;card shear
3;foot;Lon.McLaughlin96@hotmail.com;around;STUDENT;"qYj2@T6\$ZWQ4K";Hosea;Berge;supposing;false;muddy fron
4;foot;Laurine47@yahoo.com;pro adventurously;ADMIN;"!Y=0l@u\/R3t\#-\.w\o2Bv";Forest;Breitenberg;coolly cash;false;lack worth
5;zowie astride;Evans.Boyle@yahoo.com;failing whenever ouch;STUDENT;"af5hpM";Samantha;Walker;psst so overvalue;false;whose inas
6;presell once;Mae54@hotmail.com;dependency;STUDENT;"9@wRt1HC";Immanuel;Larson;reward edge;true;remarkable
7;than past;Katarina17@gmail.com;till apricot though;TRAINER;"Eg";Rhett;Braun;anti yowza psst;false;stoop aw
9;pfft quick and;Valerie77@gmail.com;verify;ADMIN;"i1.4b";Rebekah;Walsh;duh;true;faithfully
10;never gaseous;Nichole49@hotmail.com;elegantly;TRAINER;"REasG";Carolyne;Schuster;wonderful evil;true;adjudge pa
